frame_nmr,car_id,car_bbox,license_plate_bbox,license_plate_bbox_score,license_number,license_number_score
78,4.0,[479.7449539935708 690.2775689905761 865.0691256133828 1042.3609382311354],[609.1593017578125 927.552978515625 717.6800537109375 964.03271484375],0.6998969316482544,OI299ETL,0.26136943052460215
100,4.0,[436.0489488625172 743.3457829809178 843.0529045554958 1077.8201386326443],[575.5235595703125 999.5952758789062 694.754150390625 1037.0296630859375],0.6746052503585815,B2979JA3,0.4429150675741153
930,740.0,[666.1595444379809 675.5056859478927 1012.2552210786318 978.9617332920207],[797.3428955078125 883.2139892578125 887.4939575195312 921.3081665039062],0.4203355610370636,II579DFB,0.1752431544413743
961,740.0,[593.6040621693405 738.6047541229557 976.5479292053024 1065.6559361526945],[744.2611083984375 961.4835205078125 910.1158447265625 1017.6756591796875],0.28495192527770996,II579DFB,0.37092420677808624
966,740.0,[588.8548527937024 750.1830457389348 972.6870396515009 1074.5110510152758],[739.6931762695312 979.8253784179688 896.3214111328125 1034.7803955078125],0.3264986276626587,AI579OFB,0.26493500962859706
